run_date,question_id,question,funnel_stage,engine,brand_cited,brand_position,competitors_cited,sources_cited,sentiment,answer_snippet
2026-07-17,PA01,What are the most common challenges businesses in the United Kingdom face when it comes to health and beauty retail?,Problem Awareness,Perplexity,N,,Grocery chains; discounters; marketplaces,Mintel; Retail Economics; Cosmetics Business; Reach; Retail Trust,Neutral,"UK health and beauty retailers are squeezed by cost-of-living-driven value sensitivity, intense multichannel competition, and rising expectations around sustainability, transparency, and personalised customer experience."
2026-07-17,PA08,What are the risks of getting health and beauty retail wrong in the United Kingdom?,Problem Awareness,Perplexity,N,,Bodycare; The Body Shop; B&M; Home Bargains; Tesco; Sainsbury's; Morrisons,Not captured,Neutral,"Getting health and beauty retail wrong in the UK exposes a business to financial, operational, regulatory, and brand-trust risks that can turn a profitable category into a value-destructive one."
2026-07-17,SD04,Who are the leading companies offering health and beauty retail in the United Kingdom?,Solution Discovery,Perplexity,Y,1,Superdrug; Tesco; Sainsbury's; Asda; Morrisons; Aldi; B&M; Amazon; ASOS; Cult Beauty; Birchbox,Not captured,Positive,"The leading health and beauty retailers in the UK are headed by Boots and Superdrug, with Boots explicitly described as the UK's leading health and beauty retailer."
2026-07-17,VE04,How reputable is Boots compared to Superdrug?,Vendor Evaluation,Perplexity,Y,1,Superdrug,Which?; employee-review data; industry commentary,Positive,"Boots is generally seen as the more established, heritage and slightly more premium brand, while Superdrug is viewed as the cheaper, value-focused challenger."
2026-07-17,PD08,"Should I go with Boots, or is one of its competitors a better fit for the United Kingdom?",Purchase Decision,Perplexity,Y,1,Superdrug; Lloyds Pharmacy; Pharmacy2U; Tesco; Sainsbury's; Morrisons; Aldi; Amazon; Waitrose; Lookfantastic,Not captured,Positive,"Boots is usually the best default fit for broad national coverage and brand strength, but competitors may be better for specific customer groups or use cases."
2026-07-17,PA01,What are the most common challenges businesses in United Kingdom face when it comes to Health & Beauty Retail?,Problem Awareness,Gemini,,,,,,"The Health & Beauty Retail sector in the UK is incredibly dynamic and competitive. Businesses in this space face a multitude of challenges, often interconnected. Here are the most common ones: 1. **Economic Pressures & Cost of Living Crisis:** * **Reduced Discretionary Spending:** With high inflation and increased cost of living, consumers are cutting back on non-essential purchases, including beauty products. This leads to trading down to cheaper alternatives or buying less frequently. * **Risi"
2026-07-17,PA02,Why do so many companies struggle to get Health & Beauty Retail right?,Problem Awareness,Gemini,,,,,,"The Health & Beauty retail sector is notoriously challenging, a complex blend of science, art, emotion, and rapid trends. Many companies struggle to ""get it right"" for a multitude of reasons: 1. **High Stakes & Personal Nature of Products:** * **Intimate & Trust-Based:** These products are applied to the face, skin, hair, and body. Consumers need to trust the brand for safety, efficacy, and suitability. A bad experience (allergy, no results) can lead to immediate brand abandonment. * **Emotional"
2026-07-17,PA03,What are the warning signs that a business needs to rethink its approach to Health & Beauty Retail?,Problem Awareness,Gemini,,,,,,"Rethinking a business approach in Health & Beauty Retail is crucial for long-term success, given the rapid pace of change in consumer preferences, technology, and market trends. Here are the key warning signs that a business needs to reassess its strategy: --- ### I. Financial & Performance Indicators 1. **Declining Sales & Profitability:** * **Consistent Revenue Decline:** Not just seasonal dips, but a sustained downward trend in overall sales. * **Decreased Average Transaction Value (ATV) or U"
2026-07-17,PA04,Is Health & Beauty Retail really worth investing in for a growing business?,Problem Awareness,Gemini,N,,L'Oréal; Estée Lauder; Sephora; Ulta,,Neutral,"Health & Beauty Retail can absolutely be worth investing in for a growing business, but it comes with significant challenges and requires a strategic approach. It's a dynamic, multi-billion dollar industry with strong growth drivers, but also intense competition. Here's a breakdown to help a growing business decide: ### Why It CAN Be Worth Investing In (The Upsides) 1. **Resilient Market:** People consistently invest in their appearance and well-being, even during economic downturns (though they"
2026-07-18,PA05,What happens if a business in United Kingdom doesn't take Health & Beauty Retail seriously?,Problem Awareness,Gemini,N,,,Health & Safety Executive (HSE); Local Councils (Environmental Health); Trading Standards; UK Cosmetics Regulation; EU Reg 1223/2009; Consumer Rights Act 2015; UK GDPR; Health & Safety at Work Act,Neutral,"If a business in the Health & Beauty Retail sector in the United Kingdom doesn't take its responsibilities seriously, it faces a cascade of increasingly severe and often devastating consequences. This sector involves direct contact with customers' bodies, skin, and often intimate personal care, meaning the stakes are exceptionally high. Here's a breakdown of what can happen: 1. **Legal & Regulatory Penalties:** * **Health & Safety Executive (HSE) & Local Councils (Environmental Health):** These "
